,Edits made by NTF on 3/28/22,,"removed dashes, slashes, colons, double underscores, and parentheses from column headers and individual cells so that data could be properly imported into R. I then went into data and accidentally replaced all the negative signs with underscores while i was find/replacing these characters in the column headers, so I went back through the data to change all the underscores back to negative signs. I also shifted over column headers so that they correspond with the correct columns of data and removed sample descriptions and code descriptions from the bottom of the spreadsheet. Added in total nutrient concentration data to dissolved nutrient columns for bulk samples in experiments conducted on 6/13 and 8/8.",,,,,,,,,,,,,,,,,,,,,,
Client Summary Report for Periphyton,Samples Collected between 2/28/2021 and 3/4/2022,,,,,,,,,,,,,,,,,,,,,,,,
eventID,date,site_treatment,chamber,sample_type,item,TNO3_N,TNO3_N_code,TNO3_N_py,TNO3_N_py_code,NO3_N,NO3_N_code,NO3_N_py,NO3_N_py_code,TNH4_N,TNH4_N_code,NH4_N,NH4_N_code,TRP,TRP_code,SRP,SRP_code,TP,TP_code,DP,DP_code
PERI_2021001, 3/1/21  10:00 ,TPI_SB,T_DI_3,SRCBLN,2.00,0.86,H,-0.15,H,,,,,0.67,H,,,0.57,H,,,0.78,H,,
PERI_2021002, 3/1/21  10:00 ,TPI_TC_A,F_1,FIELD,1.00,,,,,1.18,H,0.28,H,,,1.1,H,,,1.93,G,,,6.48,G
PERI_2021002, 3/1/21  10:00 ,TPI_TC_A,F_2,FIELD,2.00,,,,,1.02,H,0.28,H,,,0.24,H,,,1.48,G,,,5.22,G
PERI_2021002, 3/1/21  10:00 ,TPI_TC_A,F_3,FIELD,3.00,,,,,1.34,H,0.49,H,,,0.89,H,,,3.74,G,,,8.38,G
PERI_2021002, 3/1/21  10:00 ,TPI_TC_A,F_4,FIELD,5.00,,,,,0.86,H,0.28,H,,,0.45,H,,,1.48,G,,,5.53,G
PERI_2021002, 3/1/21  10:00 ,TPI_TC_A,F_5,FIELD,7.00,,,,,1.34,H,0.92,H,,,0.67,H,,,1.7,G,,,5.53,G
PERI_2021002, 3/1/21  10:00 ,TPI_TC_A,F_6,FIELD,9.00,,,,,0.86,H,-0.15,H,,,0.45,H,,,0.8,H,,,6.8,G
PERI_2021002, 3/1/21  10:00 ,TPI_TC_A,F_7,FIELD,10.00,,,,,1.34,H,0.07,H,,,0.45,H,,,1.48,G,,,6.17,G
PERI_2021002, 3/1/21  10:00 ,TPI_TC_A,F_8,FIELD,15.00,,,,,1.18,H,0.28,H,,,0.67,H,,,0.8,H,,,5.22,G
PERI_2021003, 3/1/21  10:00 ,TPI_FB,F_DI_1,FLDBLN,1.00,,,,,1.02,H,0.07,H,,,0.67,H,,,0.8,H,,,1.1,H
PERI_2021006, 3/1/21  10:01 ,TPI_TC_NA,F_GFF_1,FIELD,0.50,,,,,2.27,G,1.41,H,,,0.39,H,,,8.95,G,,,9.69,G
PERI_2021007, 3/15/21  10:00 ,TPI_TC_NA,F_0.45um_1,FIELD,0.50,,,,,1.96,H,0.79,H,,,0.6,H,,,2.77,G,,,2.69,G
PERI_2021008, 3/15/21  10:00 ,TPI_TC_E,F_1,FIELD,1.00,,,,,372.43,G,386.48,G,,,290.87,G,,,542.7,G,,,548.17,G
PERI_2021008, 3/15/21  10:00 ,TPI_TC_E,F_2,FIELD,2.00,,,,,408.92,G,468.1,G,,,315.96,G,,,574.77,G,,,568.54,G
PERI_2021008, 3/15/21  10:00 ,TPI_TC_E,F_3,FIELD,3.00,,,,,381.02,G,430.45,G,,,285.34,G,,,530.78,G,,,526.52,G
PERI_2021008, 3/15/21  10:00 ,TPI_TC_E,F_4,FIELD,4.00,,,,,313.56,G,337.13,G,,,166.24,G,,,379.83,G,,,377.52,G
PERI_2021008, 3/15/21  10:00 ,TPI_TC_E,F_5,FIELD,5.00,,,,,387.46,G,442.36,G,,,347.79,G,,,611.43,G,,,616.93,G
PERI_2021008, 3/15/21  10:00 ,TPI_TC_E,F_6,FIELD,6.00,,,,,372.13,G,411.37,G,,,274.7,G,,,530.78,G,,,531.61,G
PERI_2021008, 3/15/21  10:00 ,TPI_TC_E,F_7,FIELD,7.00,,,,,382.86,G,415.52,G,,,337.58,G,,,596.76,G,,,595.28,G
PERI_2021008, 3/15/21  10:00 ,TPI_TC_E,F_8,FIELD,8.00,,,,,411.07,G,447.45,G,,,376.79,G,,,644.41,G,,,639.86,G
PERI_2021008, 3/15/21  10:00 ,TPI_TC_E,F_9,FIELD,9.00,,,,,420.27,G,472.93,G,,,379.26,G,,,647.16,G,,,641.13,G
PERI_2021008, 3/15/21  10:00 ,TPI_TC_E,F_10,FIELD,10.00,,,,,362.62,G,404.56,G,,,247.05,G,,,467.55,G,,,466.66,G
PERI_2021008, 3/15/21  10:00 ,TPI_TC_E,F_11,FIELD,11.00,,,,,365.69,G,394.36,G,,,278.1,G,,,494.13,G,,,494.68,G
PERI_2021008, 3/15/21  10:00 ,TPI_TC_E,F_12,FIELD,12.00,,,,,385.93,G,394.36,G,,,262.79,G,,,494.13,G,,,495.95,G
PERI_2021008, 3/15/21  10:00 ,TPI_TC_E,F_13,FIELD,13.00,,,,,385.31,G,408.05,G,,,231.32,G,,,480.38,G,,,476.85,G
PERI_2021008, 3/15/21  10:00 ,TPI_TC_E,F_14,FIELD,14.00,,,,,392.67,G,428.37,G,,,286.61,G,,,537.2,G,,,534.16,G
PERI_2021008, 3/15/21  10:00 ,TPI_TC_E,F_15,FIELD,15.00,,,,,377.95,G,419.66,G,,,383.59,G,,,639.83,G,,,636.04,G
PERI_2021008, 3/15/21  10:00 ,TPI_TC_E,F_16,FIELD,16.00,,,,,262.04,G,281.96,G,,,41.61,G,,,196.81,G,,,196.69,G
PERI_2021009, 3/15/21  10:00 ,TPI_TC_Bulk,F_1,FIELD,0.00,,,,,515.49,G,534.89,G,,,571.52,G,,,823.85,G,,,822.82,G
PERI_2021004, 3/15/21  10:00 ,TPI_SB,T_DI_3,SRCBLN,2.00,1.02,H,-0.04,H,,,,,0.81,H,,,0.26,H,,,-0.81,H,,
PERI_2021005, 3/15/21  10:00 ,TPI_FB,F_DI_1,FLDBLN,1.00,,,,,1.18,H,-0.25,H,,,0.6,H,,,0.26,H,,,-0.18,H
PERI_2021010, 4/7/21  10:00 ,TPI_SB,T_DI_3,SRCBLN,2.00,0.38,H,0.4,H,,,,,0.15,H,,,0.25,H,,,0.65,H,,
PERI_2021011, 4/7/21  10:00 ,TPI_FB,F_DI_1,FLDBLN,1.00,,,,,0.84,H,1.4,H,,,0.79,H,,,2.08,G,,,,E
PERI_2021012, 4/7/21  10:00 ,TPI_PNLD_0.5m,F_1,FIELD,0.50,,,,,6.06,G,7.03,G,,,1.22,H,,,2.53,G,,,8.38,G
PERI_2021013, 4/7/21  10:00 ,TPI_PNLD_A,F_1,FIELD,1.00,,,,,1.15,H,1.4,H,,,0.36,H,,,2.53,G,,,8.07,G
PERI_2021013, 4/7/21  10:00 ,TPI_PNLD_A,F_2,FIELD,2.00,,,,,1.3,H,1.6,H,,,0.58,H,,,2.99,G,,,7.76,G
PERI_2021013, 4/7/21  10:00 ,TPI_PNLD_A,F_3,FIELD,3.00,,,,,0.84,H,0.8,H,,,8.75,G,,,1.39,G,,,8.69,G
PERI_2021013, 4/7/21  10:00 ,TPI_PNLD_A,F_4,FIELD,4.00,,,,,1.3,H,1.4,H,,,1.01,H,,,3.45,G,,,9.62,G
PERI_2021013, 4/7/21  10:00 ,TPI_PNLD_A,F_5,FIELD,5.00,,,,,0.84,H,1,H,,,0.58,H,,,2.53,G,,,9.62,G
PERI_2021013, 4/7/21  10:00 ,TPI_PNLD_A,F_6,FIELD,6.00,,,,,1.92,H,2.81,G,,,1.66,H,,,6.19,G,,,11.17,G
PERI_2021013, 4/7/21  10:00 ,TPI_PNLD_A,F_7,FIELD,7.00,,,,,1,H,1.2,H,,,0.79,H,,,2.76,G,,,8.07,G
PERI_2021013, 4/7/21  10:00 ,TPI_PNLD_A,F_8,FIELD,8.00,,,,,2.07,G,3.01,G,,,1.44,H,,,3.22,G,,,9.62,G
PERI_2021013, 4/7/21  10:00 ,TPI_PNLD_A,F_9,FIELD,9.00,,,,,1.92,H,2.41,G,,,1.87,H,,,5.04,G,,,9.31,G
PERI_2021013, 4/7/21  10:00 ,TPI_PNLD_A,F_10,FIELD,10.00,,,,,3.76,G,5.42,G,,,5.31,G,,,10.07,G,,,15.81,G
PERI_2021013, 4/7/21  10:00 ,TPI_PNLD_A,F_11,FIELD,11.00,,,,,1.76,H,3.01,G,,,2.52,H,,,5.96,G,,,16.42,G
PERI_2021013, 4/7/21  10:00 ,TPI_PNLD_A,F_12,FIELD,12.00,,,,,1.61,H,2.21,G,,,1.87,H,,,7.78,G,,,13.95,G
PERI_2021013, 4/7/21  10:00 ,TPI_PNLD_A,F_13,FIELD,13.00,,,,,1.15,H,1.4,H,,,1.87,H,,,2.08,G,,,7.45,G
PERI_2021013, 4/7/21  10:00 ,TPI_PNLD_A,F_14,FIELD,14.00,,,,,1.3,H,1.8,H,,,6.39,G,,,5.73,G,,,11.48,G
PERI_2021013, 4/7/21  10:00 ,TPI_PNLD_A,F_15,FIELD,15.00,,,,,0.69,H,1,H,,,1.87,H,,,2.3,G,,,8.38,G
PERI_2021013, 4/7/21  10:00 ,TPI_PNLD_A,F_16,FIELD,16.00,,,,,2.99,G,3.61,G,,,4.67,G,,,2.08,G,,,7.15,G
PERI_2021014, 4/21/21  10:00 ,TPI_PNLD_E,F_1,FIELD,1.00,,,,,,F,5.45,G,,,0.29,H,,,24.02,G,,,30.47,G
PERI_2021014, 4/21/21  10:00 ,TPI_PNLD_E,F_2,FIELD,1.00,,,,,,F,0.38,H,,,9.17,G,,,14.42,G,,,23.61,G
PERI_2021014, 4/21/21  10:00 ,TPI_PNLD_E,F_3,FIELD,1.00,,,,,,F,0.38,H,,,0.29,H,,,17.17,G,,,25.79,G
PERI_2021014, 4/21/21  10:00 ,TPI_PNLD_E,F_4,FIELD,1.00,,,,,,F,0.6,H,,,0.71,H,,,5.53,G,,,14.87,G
PERI_2021014, 4/21/21  10:00 ,TPI_PNLD_E,F_5,FIELD,1.00,,,,,,F,0.6,H,,,0.29,H,,,24.48,G,,,30.78,G
PERI_2021014, 4/21/21  10:00 ,TPI_PNLD_E,F_6,FIELD,1.00,,,,,,F,0.82,H,,,0.71,H,,,15.34,G,,,23.3,G
PERI_2021014, 4/21/21  10:00 ,TPI_PNLD_E,F_7,FIELD,1.00,,,,,,F,0.6,H,,,-0.11,H,,,10.31,G,,,16.12,G
PERI_2021014, 4/21/21  10:00 ,TPI_PNLD_E,F_8,FIELD,1.00,,,,,,F,1.48,H,,,5.57,G,,,13.51,G,,,23.92,G
PERI_2021014, 4/21/21  10:00 ,TPI_PNLD_E,F_9,FIELD,1.00,,,,,,F,0.6,H,,,0.08,H,,,9.85,G,,,17.06,G
PERI_2021014, 4/21/21  10:00 ,TPI_PNLD_E,F_10,FIELD,1.00,,,,,,F,1.04,H,,,0.08,H,,,8.48,G,,,24.54,G
PERI_2021014, 4/21/21  10:00 ,TPI_PNLD_E,F_11,FIELD,1.00,,,,,,F,0.82,H,,,0.71,H,,,5.53,G,,,16.12,G
PERI_2021014, 4/21/21  10:00 ,TPI_PNLD_E,F_12,FIELD,1.00,,,,,,F,1.26,H,,,5.66,G,,,21.74,G,,,36.4,G
PERI_2021014, 4/21/21  10:00 ,TPI_PNLD_E,F_13,FIELD,1.00,,,,,,F,1.92,H,,,2.44,H,,,4.16,G,,,12.07,G
PERI_2021014, 4/21/21  10:00 ,TPI_PNLD_E,F_14,FIELD,1.00,,,,,,F,1.04,H,,,1.79,H,,,2.55,G,,,11.13,G
PERI_2021014, 4/21/21  10:00 ,TPI_PNLD_E,F_15,FIELD,1.00,,,,,,F,1.04,H,,,1.79,H,,,15.8,G,,,27.04,G
PERI_2021014, 4/21/21  10:00 ,TPI_PNLD_E,F_16,FIELD,1.00,,,,,,F,0.38,H,,,0.29,H,,,19,G,,,29.85,G
PERI_2021015, 4/21/21  10:00 ,TPI_PNLD_bulk,F_bulk_1,FIELD,1.00,,,,,,F,45.19,G,,,45.31,G,,,67.91,G,,,76.01,G
PERI_2021016, 4/21/21  10:00 ,TPI_PNLD_0.5m,F_0.5m_1,FIELD,1.00,,,,,,F,1.7,H,,,0.5,H,,,2.87,G,,,12.38,G
PERI_2021017, 4/21/21  10:00 ,FB,F_DI_1,FLDBLN,1.00,,,,,,F,0.38,H,,,0.29,H,,,0.81,H,,,1.15,H
PERI_2021018, 6/13/21  10:00 ,TPI_PNLD_E,F_1,REF,1.00,,,,,,,368.96,G,,,195.22,G,,,113.31,G,,,120.12,G
PERI_2021018, 6/13/21  10:00 ,TPI_PNLD_E,F_2,REF,2.00,,,,,,,364.99,G,,,203.72,G,,,144.22,G,,,153.99,G
PERI_2021018, 6/13/21  10:00 ,TPI_PNLD_E,F_3,REF,3.00,,,,,,,229.14,G,,,37.59,G,,,58.81,G,,,69.95,G
PERI_2021018, 6/13/21  10:00 ,TPI_PNLD_E,F_4,REF,4.00,,,,,,,349.1,G,,,106.42,G,,,64.99,G,,,74.97,G
PERI_2021018, 6/13/21  10:00 ,TPI_PNLD_E,F_5,REF,5.00,,,,,,,281.57,G,,,134.46,G,,,135.98,G,,,148.97,G
PERI_2021018, 6/13/21  10:00 ,TPI_PNLD_E,F_6,REF,6.00,,,,,,,361.81,G,,,211.8,G,,,168.96,G,,,182.21,G
PERI_2021018, 6/13/21  10:00 ,TPI_PNLD_E,F_7,REF,7.00,,,,,,,375.29,G,,,173.07,G,,,137.58,G,,,145.21,G
PERI_2021018, 6/13/21  10:00 ,TPI_PNLD_E,F_8,REF,8.00,,,,,,,346.71,G,,,169.31,G,,,81.25,G,,,91.27,G
PERI_2021018, 6/13/21  10:00 ,TPI_PNLD_E,F_9,REF,9.00,,,,,,,363.4,G,,,201.17,G,,,176.28,G,,,186.6,G
PERI_2021018, 6/13/21  10:00 ,TPI_PNLD_E,F_10,REF,10.00,,,,,,,312.55,G,,,127.24,G,,,125.22,G,,,137.68,G
PERI_2021018, 6/13/21  10:00 ,TPI_PNLD_E,F_11,REF,11.00,,,,,,,368.16,G,,,204.57,G,,,147.2,G,,,159.63,G
PERI_2021018, 6/13/21  10:00 ,TPI_PNLD_E,F_12,REF,12.00,,,,,,,367.37,G,,,176.53,G,,,100.03,G,,,111.97,G
PERI_2021018, 6/13/21  10:00 ,TPI_PNLD_E,F_13,REF,13.00,,,,,,,368.16,G,,,185.03,G,,,104.38,G,,,115.73,G
PERI_2021018, 6/13/21  10:00 ,TPI_PNLD_E,F_14,REF,14.00,,,,,,,349.1,G,,,176.1,G,,,97.51,G,,,108.84,G
PERI_2021018, 6/13/21  10:00 ,TPI_PNLD_E,F_15,REF,15.00,,,,,,,360.22,G,,,210.95,G,,,149.49,G,,,157.13,G
PERI_2021018, 6/13/21  10:00 ,TPI_PNLD_E,F_16,REF,16.00,,,,,,,357.84,G,,,235.59,G,,,194.47,G,,,204.16,G
PERI_2021019, 6/13/21  10:00 ,TPI_SB,T_DI_3,SRCBLN,2.00,,,0.48,H,,,,,0.96,H,,,0.42,H,,,3.3,G,,
PERI_2021020, 6/13/21  10:00 ,TPI_FB,F_DI_1,FLDBLN,1.00,,,,,,,,F,,,-0.33,H,,,0.42,H,,,2.99,G
PERI_2021021, 6/13/21  10:00 ,TPI_PNLD_0.5m,F_1,REF,0.50,,,,,,,11.01,G,,,-0.54,H,,,3.17,G,,,8.01,G
PERI_2021022, 6/13/21  10:00 ,TPI_PNLD_bulk,T_bulk_1,REF,1.00,,,381.75,G,,,,,404.08,G,,,310.43,G,,,326.96,G,,
PERI_2021022, 6/13/21  10:00 ,TPI_PNLD_bulk,T_bulk_2,REF,2.00,,,374.8,G,,,374.8,,395.58,G,395.58,,315.47,G,315.47,,328.53,G,328.53,
PERI_2021023, 8/8/21  10:00 ,TPI_SB,T_DI_3,SRCBLN,2.00,,,0.34,H,,,,,0.41,H,,,1.11,G,,,2.03,G,,
PERI_2021024, 8/8/21  10:00 ,TPI_FB,F_DI_1,FLDBLN,1.00,,,,,,,0.56,H,,,0.63,H,,,3.61,G,,,,F
PERI_2021025, 8/8/21  10:00 ,TPI_PNLD_0.5m,F_1,FIELD,1.00,,,,,,,7.5,G,,,4.57,G,,,5.43,G,,,10.12,G
PERI_2021026, 8/8/21  10:00 ,TPI_PNLD_bulk,T_1,REF,1.00,,,387.33,G,,,387.33,,416.94,G,416.94,,320.3,G,320.3,,323.82,G,323.82,
PERI_2021027, 8/8/21  10:00 ,TPI_PNLD_E,F_1,FIELD,1.00,,,,,,,366.51,G,,,185.79,G,,,92.12,G,,,94.72,G
PERI_2021027, 8/8/21  10:00 ,TPI_PNLD_E,F_2,FIELD,2.00,,,,,,,368.25,G,,,161.28,G,,,85.29,G,,,88.81,G
PERI_2021027, 8/8/21  10:00 ,TPI_PNLD_E,F_3,FIELD,3.00,,,,,,,362.18,G,,,131.73,G,,,105.54,G,,,109.34,G
PERI_2021027, 8/8/21  10:00 ,TPI_PNLD_E,F_4,FIELD,4.00,,,,,,,371.72,G,,,182.94,G,,,101.68,G,,,105.3,G
PERI_2021027, 8/8/21  10:00 ,TPI_PNLD_E,F_5,FIELD,5.00,,,,,,,400.34,G,,,134.79,G,,,76.42,G,,,80.11,G
PERI_2021027, 8/8/21  10:00 ,TPI_PNLD_E,F_6,FIELD,6.00,,,,,,,402.94,G,,,120.79,G,,,63.68,G,,,67.97,G
PERI_2021027, 8/8/21  10:00 ,TPI_PNLD_E,F_7,FIELD,7.00,,,,,,,391.66,G,,,135.67,G,,,89.84,G,,,92.55,G
PERI_2021027, 8/8/21  10:00 ,TPI_PNLD_E,F_8,FIELD,8.00,,,,,,,388.19,G,,,192.14,G,,,133.3,G,,,136.4,G
PERI_2021027, 8/8/21  10:00 ,TPI_PNLD_E,F_9,FIELD,9.00,,,,,,,377.79,G,,,124.94,G,,,72.1,G,,,75.75,G
PERI_2021027, 8/8/21  10:00 ,TPI_PNLD_E,F_10,FIELD,10.00,,,,,,,402.94,G,,,163.25,G,,,81.2,G,,,85.39,G
PERI_2021027, 8/8/21  10:00 ,TPI_PNLD_E,F_11,FIELD,11.00,,,,,,,376.05,G,,,147.71,G,,,76.19,G,,,80.11,G
PERI_2021027, 8/8/21  10:00 ,TPI_PNLD_E,F_12,FIELD,12.00,,,,,,,382.99,G,,,130.63,G,,,88.93,G,,,92.86,G
PERI_2021027, 8/8/21  10:00 ,TPI_PNLD_E,F_13,FIELD,13.00,,,,,,,376.05,G,,,125.6,G,,,90.07,G,,,97.52,G
PERI_2021027, 8/8/21  10:00 ,TPI_PNLD_E,F_14,FIELD,14.00,,,,,,,358.71,G,,,51.89,G,,,44.79,G,,,51.18,G
PERI_2021027, 8/8/21  10:00 ,TPI_PNLD_E,F_15,FIELD,15.00,,,,,,,392.53,G,,,162.57,G,,,85.52,G,,,89.44,G
PERI_2021027, 8/8/21  10:00 ,TPI_PNLD_E,F_16,FIELD,16.00,,,,,,,398.6,G,,,158.87,G,,,54.09,G,,,58.95,G
PERI_2021029, 8/8/21  10:00 ,TPI_PNLD_A,F_A_7,FIELD,7.00,,,,,,,6.2,G,,,1.07,H,,,2.25,G,,,8.25,G
PERI_2021029, 8/8/21  10:00 ,TPI_PNLD_A,F_A_11,FIELD,11.00,,,,,,,6.2,G,,,1.07,H,,,2.25,G,,,7.32,G
PERI_2021029, 8/8/21  10:00 ,TPI_PNLD_A,F_A_28,FIELD,28.00,,,,,,,4.46,G,,,0.85,H,,,2.25,G,,,8.25,G
PERI_2021029, 8/8/21  10:00 ,TPI_PNLD_A,F_A_31,FIELD,31.00,,,,,,,6.63,G,,,3.04,G,,,2.47,G,,,7.63,G
PERI_2021028, 8/8/21  10:01 ,TPI_PNLD_E,F_A_13,FIELD,13.00,,,,,,,396,G,,,371.39,G,,,309.01,G,,,315.73,G
PERI_2021028, 8/8/21  10:01 ,TPI_PNLD_E,F_A_25,FIELD,25.00,,,,,,,381.26,G,,,356.78,G,,,309.01,G,,,316.35,G
PERI_2021028, 8/8/21  10:01 ,TPI_PNLD_E,F_A_35,FIELD,35.00,,,,,,,391.66,G,,,392.88,G,,,311.06,G,,,320.09,G
PERI_2021028, 8/8/21  10:01 ,TPI_PNLD_E,F_A_37,FIELD,37.00,,,,,,,400.34,G,,,382.56,G,,,311.74,G,,,319.46,G
PERI_2021030, 10/10/21  10:00 ,SB,T_1,SRCBLN,1.00,,,0.49,H,,,,,-0.2,H,,,0.21,H,,,0.83,H,,
PERI_2021031, 10/10/21  10:00 ,FB,F_1,FLDBLN,1.00,,,,,,,0.49,H,,,-0.2,H,,,1.81,G,,,2.7,G
PERI_2021032, 10/10/21  10:00 ,TPI_PNLD_0.5m,F_1,FIELD,0.50,,,,,,,4.53,G,,,5.03,G,,,3.41,G,,,13.3,G
PERI_2021033, 10/10/21  10:00 ,TPI_PNLD_bulk,F_1,FIELD,1.00,,,,,,,376.76,G,,,438.69,G,,,325.74,G,,,332.08,G
PERI_2021034, 10/10/21  10:00 ,TPI_PNLD_E,F_1,FIELD,1.00,,,,,,,324.95,G,,,58.44,G,,,43.85,G,,,43.22,G
PERI_2021034, 10/10/21  10:00 ,TPI_PNLD_E,F_2,FIELD,1.00,,,,,,,346.81,G,,,52.77,G,,,34.93,G,,,32.62,G
PERI_2021034, 10/10/21  10:00 ,TPI_PNLD_E,F_3,FIELD,1.00,,,,,,,354.91,G,,,124.06,G,,,78.83,G,,,79.69,G
PERI_2021034, 10/10/21  10:00 ,TPI_PNLD_E,F_4,FIELD,1.00,,,,,,,335.48,G,,,89.4,G,,,75.4,G,,,78.13,G
PERI_2021034, 10/10/21  10:00 ,TPI_PNLD_E,F_5,FIELD,1.00,,,,,,,349.24,G,,,156.33,G,,,119.29,G,,,120.84,G
PERI_2021034, 10/10/21  10:00 ,TPI_PNLD_E,F_6,FIELD,1.00,,,,,,,349.24,G,,,97.46,G,,,65.11,G,,,64.11,G
PERI_2021034, 10/10/21  10:00 ,TPI_PNLD_E,F_7,FIELD,1.00,,,,,,,354.91,G,,,110.11,G,,,82.25,G,,,79.69,G
PERI_2021034, 10/10/21  10:00 ,TPI_PNLD_E,F_8,FIELD,1.00,,,,,,,348.43,G,,,128.86,G,,,62.36,G,,,60.05,G
PERI_2021034, 10/10/21  10:00 ,TPI_PNLD_E,F_9,FIELD,1.00,,,,,,,349.24,G,,,102.26,G,,,64.42,G,,,64.42,G
PERI_2021034, 10/10/21  10:00 ,TPI_PNLD_E,F_10,FIELD,1.00,,,,,,,354.91,G,,,140.41,G,,,90.49,G,,,93.41,G
PERI_2021034, 10/10/21  10:00 ,TPI_PNLD_E,F_11,FIELD,1.00,,,,,,,362.19,G,,,81.85,G,,,83.63,G,,,83.75,G
PERI_2021034, 10/10/21  10:00 ,TPI_PNLD_E,F_12,FIELD,1.00,,,,,,,329,G,,,142.81,G,,,92.54,G,,,93.1,G
PERI_2021034, 10/10/21  10:00 ,TPI_PNLD_E,F_13,FIELD,1.00,,,,,,,373.53,G,,,86.78,G,,,50.02,G,,,54.44,G
PERI_2021034, 10/10/21  10:00 ,TPI_PNLD_E,F_14,FIELD,1.00,,,,,,,317.67,G,,,30.32,G,,,30.81,G,,,33.56,G
PERI_2021034, 10/10/21  10:00 ,TPI_PNLD_E,F_15,FIELD,1.00,,,,,,,303.9,G,,,50.81,G,,,36.3,G,,,37.92,G
PERI_2021034, 10/10/21  10:00 ,TPI_PNLD_E,F_16,FIELD,1.00,,,,,,,350.86,G,,,38.6,G,,,35.62,G,,,41.35,G
PERI_2021034, 10/10/21  10:00 ,TPI_PNLD_E,F_JA_5,FIELD,1.00,,,,,,,396.19,G,,,400.32,G,,,317.51,G,,,333.95,G
PERI_2021034, 10/10/21  10:00 ,TPI_PNLD_E,F_J_45,FIELD,1.00,,,,,,,426.96,G,,,418.64,G,,,318.19,G,,,335.82,G
PERI_2021034, 10/10/21  10:00 ,TPI_PNLD_E,F_J_13,FIELD,1.00,,,,,,,401.05,G,,,341.03,G,,,309.96,G,,,336.44,G
PERI_2021034, 10/10/21  10:00 ,TPI_PNLD_E,F_J_28,FIELD,1.00,,,,,,,380.81,G,,,334.92,G,,,312.71,G,,,340.81,G
PERI_2021035, 11/28/21  10:00 ,TPI_SB,T_SB_1,SRCBLN,1.00,,,1.42,H,,,,,1.02,H,,,0.46,H,,,0.82,H,,
PERI_2021037, 11/28/21  10:00 ,TPI_PNLD_0.5m,F_1,FIELD,1.00,,,,,,,2.06,G,,,2.31,H,,,0.23,H,,,6.42,G
PERI_2021038, 11/28/21  10:00 ,TPI_PNLD_bulk,F_1,FIELD,1.00,,,,,,,367.54,G,,,414.15,G,,,314.33,G,,,326.46,G
PERI_2021040, 11/28/21  10:00 ,TPI_PNLD_E,F_1,FIELD,1.00,,,,,,,327.52,G,,,205.2,G,,,131.71,G,,,135.85,G
PERI_2021040, 11/28/21  10:00 ,TPI_PNLD_E,F_2,FIELD,1.00,,,,,,,342.85,G,,,204.55,G,,,141.53,G,,,147.99,G
PERI_2021040, 11/28/21  10:00 ,TPI_PNLD_E,F_3,FIELD,1.00,,,,,,,303.68,G,,,147.04,G,,,94.05,G,,,97.89,G
PERI_2021040, 11/28/21  10:00 ,TPI_PNLD_E,F_4,FIELD,1.00,,,,,,,314.75,G,,,165.78,G,,,99.3,G,,,105.67,G
PERI_2021040, 11/28/21  10:00 ,TPI_PNLD_E,F_5,FIELD,1.00,,,,,,,356.47,G,,,194.21,G,,,108.43,G,,,112.83,G
PERI_2021040, 11/28/21  10:00 ,TPI_PNLD_E,F_6,FIELD,1.00,,,,,,,287.51,G,,,99.44,G,,,93.59,G,,,102.87,G
PERI_2021040, 11/28/21  10:00 ,TPI_PNLD_E,F_7,FIELD,1.00,,,,,,,336.04,G,,,178.06,G,,,130.8,G,,,136.79,G
PERI_2021040, 11/28/21  10:00 ,TPI_PNLD_E,F_8,FIELD,1.00,,,,,,,344.55,G,,,219.63,G,,,143.81,G,,,151.72,G
PERI_2021040, 11/28/21  10:00 ,TPI_PNLD_E,F_9,FIELD,1.00,,,,,,,285.8,G,,,126.37,G,,,103.18,G,,,109.4,G
PERI_2021040, 11/28/21  10:00 ,TPI_PNLD_E,F_10,FIELD,1.00,,,,,,,320.71,G,,,100.95,G,,,57.53,G,,,86.69,G
PERI_2021040, 11/28/21  10:00 ,TPI_PNLD_E,F_11,FIELD,1.00,,,,,,,296.02,G,,,144.89,G,,,126.69,G,,,133.36,G
PERI_2021040, 11/28/21  10:00 ,TPI_PNLD_E,F_12,FIELD,1.00,,,,,,,290.91,G,,,82.43,G,,,60.72,G,,,67.71,G
PERI_2021040, 11/28/21  10:00 ,TPI_PNLD_E,F_13,FIELD,1.00,,,,,,,323.27,G,,,150.92,G,,,91.77,G,,,97.89,G
PERI_2021040, 11/28/21  10:00 ,TPI_PNLD_E,F_14,FIELD,1.00,,,,,,,284.1,G,,,88.68,G,,,54.1,G,,,60.87,G
PERI_2021040, 11/28/21  10:00 ,TPI_PNLD_E,F_15,FIELD,1.00,,,,,,,347.11,G,,,206.92,G,,,119.39,G,,,124.96,G
PERI_2021040, 11/28/21  10:00 ,TPI_PNLD_E,F_16,FIELD,1.00,,,,,,,319.86,G,,,168.37,G,,,110.94,G,,,116.56,G
PERI_2021040, 11/28/21  10:00 ,TPI_PNLD_E,F_A_13,FIELD,1.00,,,,,,,370.09,G,,,423.62,G,,,316.38,G,,,324.6,G
PERI_2021040, 11/28/21  10:00 ,TPI_PNLD_E,F_A_9,FIELD,1.00,,,,,,,365.84,G,,,420.18,G,,,320.49,G,,,328.33,G
PERI_2021040, 11/28/21  10:00 ,TPI_PNLD_E,F_A_18,FIELD,1.00,,,,,,,371.8,G,,,423.62,G,,,319.81,G,,,320.86,G
PERI_2021040, 11/28/21  10:00 ,TPI_PNLD_E,F_A_38,FIELD,1.00,,,,,,,365.84,G,,,424.49,G,,,317.07,G,,,325.22,G
PERI_2021039, 11/28/21  10:01 ,TPI_PNLD_bulk,F_2,FIELD,2.00,,,,,,,362.43,G,,,408.12,G,,,315.7,G,,,329.58,G
PERI_2021036, 11/28/21  10:01 ,TPI_FB,F_FB_1,FLDBLN,1.00,,,,,,,1.63,H,,,2.09,H,,,1.6,G,,,3.31,G
PERI_2021043, 2/27/22  10:00 ,TPI_PNLD_bulk,F_Bulk_1,FIELD,2.00,,,,,,,406.6,G,,,409.77,G,,,319.04,G,,,319.9,G
PERI_2021044, 2/27/22  10:00 ,TPI_SB,T_SB_1,SRCBLN,3.00,,,0.52,H,,,,,1.83,H,,,0,H,,,0.28,H,,
PERI_2021045, 2/27/22  10:00 ,TPI_FB,F_FB_1,FLDBLN,1.00,,,,,,,3.6,G,,,2.89,H,,,2.74,G,,,2.47,G
PERI_2021041, 2/27/22  10:00 ,TPI_PNLD_E,F_1,FIELD,1.00,,,,,,,358.86,G,,,99.89,G,,,39.94,G,,,42.23,G
PERI_2021041, 2/27/22  10:00 ,TPI_PNLD_E,F_2,FIELD,2.00,,,,,,,363.01,G,,,153.6,G,,,75.54,G,,,79.49,G
PERI_2021041, 2/27/22  10:00 ,TPI_PNLD_E,F_3,FIELD,3.00,,,,,,,371.31,G,,,210.27,G,,,127.11,G,,,125.82,G
PERI_2021041, 2/27/22  10:00 ,TPI_PNLD_E,F_4,FIELD,4.00,,,,,,,314.86,G,,,60.41,G,,,3.43,G,,,7.79,G
PERI_2021041, 2/27/22  10:00 ,TPI_PNLD_E,F_5,FIELD,5.00,,,,,,,341.01,G,,,148.93,G,,,57.51,G,,,60.39,G
PERI_2021041, 2/27/22  10:00 ,TPI_PNLD_E,F_6,FIELD,6.00,,,,,,,365.09,G,,,198.39,G,,,100.18,G,,,103.6,G
PERI_2021041, 2/27/22  10:00 ,TPI_PNLD_E,F_7,FIELD,7.00,,,,,,,358.86,G,,,178.22,G,,,68.69,G,,,72.91,G
PERI_2021041, 2/27/22  10:00 ,TPI_PNLD_E,F_8,FIELD,8.00,,,,,,,330.22,G,,,138.32,G,,,47.7,G,,,50.68,G
PERI_2021041, 2/27/22  10:00 ,TPI_PNLD_E,F_9,FIELD,9.00,,,,,,,319.84,G,,,99.89,G,,,35.6,G,,,38.47,G
PERI_2021041, 2/27/22  10:00 ,TPI_PNLD_E,F_10,FIELD,10.00,,,,,,,265.87,G,,,30.06,G,,,2.51,G,,,6.54,G
PERI_2021041, 2/27/22  10:00 ,TPI_PNLD_E,F_11,FIELD,11.00,,,,,,,355.95,G,,,213.34,G,,,151.07,G,,,154.94,G
PERI_2021041, 2/27/22  10:00 ,TPI_PNLD_E,F_12,FIELD,12.00,,,,,,,362.59,G,,,170.79,G,,,85.35,G,,,88.88,G
PERI_2021041, 2/27/22  10:00 ,TPI_PNLD_E,F_13,FIELD,13.00,,,,,,,307.8,G,,,55.74,G,,,10.5,G,,,15.31,G
PERI_2021041, 2/27/22  10:00 ,TPI_PNLD_E,F_14,FIELD,14.00,,,,,,,336.44,G,,,140.44,G,,,87.18,G,,,92.32,G
PERI_2021041, 2/27/22  10:00 ,TPI_PNLD_E,F_15,FIELD,15.00,,,,,,,367.99,G,,,125.58,G,,,42.22,G,,,46.93,G
PERI_2021041, 2/27/22  10:00 ,TPI_PNLD_E,F_16,FIELD,16.00,,,,,,,365.92,G,,,187.56,G,,,101.33,G,,,105.79,G
PERI_2021041, 2/27/22  10:00 ,TPI_PNLD_E,F_J_14,FIELD,14.00,,,,,,,434.82,G,,,415.88,G,,,322.23,G,,,,
PERI_2021041, 2/27/22  10:00 ,TPI_PNLD_E,F_J_22,FIELD,22.00,,,,,,,430.26,G,,,420.55,G,,,318.58,G,,,,
PERI_2021041, 2/27/22  10:00 ,TPI_PNLD_E,F_J_26,FIELD,26.00,,,,,,,420.71,G,,,421.4,G,,,320.41,G,,,,
PERI_2021041, 2/27/22  10:00 ,TPI_PNLD_E,F_J_29,FIELD,29.00,,,,,,,432.75,G,,,428.62,G,,,318.58,G,,,,
PERI_2021042, 2/27/22  12:33 ,TPI_PNLD_0.5m,F_0.5m_1,FIELD,0.50,,,,,,,6.74,G,,,3.95,G,,,1.14,G,,,4.66,G
,,,,,,,,,,,,,,,,,,,,,,,,,
,,,,,,,,,,,,,,,,,,,,,,,,,
,,,,,,,,,,,,,,,,,,,,,,,,,
Client Summary Report for Periphyton,,,,,,,,,,,,,,,,,,,,,,,,,
"Sample
Type",,,,,,,,,,,,,,,,,,,,,,,,,
PERI_2021001,,,,,,,,,,,,,,,,,,,,,,,,,
PERI_2021002,,,,,,,,,,,,,,,,,,,,,,,,,
PERI_2021002,,,,,,,,,,,,,,,,,,,,,,,,,
PERI_2021002,,,,,,,,,,,,,,,,,,,,,,,,,
PERI_2021002,,,,,,,,,,,,,,,,,,,,,,,,,
PERI_2021002,,,,,,,,,,,,,,,,,,,,,,,,,
PERI_2021002,,,,,,,,,,,,,,,,,,,,,,,,,
PERI_2021002,,,,,,,,,,,,,,,,,,,,,,,,,
PERI_2021002,,,,,,,,,,,,,,,,,,,,,,,,,
PERI_2021003,,,,,,,,,,,,,,,,,,,,,,,,,
PERI_2021006,,,,,,,,,,,,,,,,,,,,,,,,,
PERI_2021007,,,,,,,,,,,,,,,,,,,,,,,,,
PERI_2021008,,,,,,,,,,,,,,,,,,,,,,,,,
PERI_2021008,,,,,,,,,,,,,,,,,,,,,,,,,
PERI_2021008,,,,,,,,,,,,,,,,,,,,,,,,,
PERI_2021008,,,,,,,,,,,,,,,,,,,,,,,,,
PERI_2021008,,,,,,,,,,,,,,,,,,,,,,,,,
PERI_2021008,,,,,,,,,,,,,,,,,,,,,,,,,
PERI_2021008,,,,,,,,,,,,,,,,,,,,,,,,,
PERI_2021008,,,,,,,,,,,,,,,,,,,,,,,,,
PERI_2021008,,,,,,,,,,,,,,,,,,,,,,,,,
PERI_2021008,,,,,,,,,,,,,,,,,,,,,,,,,
PERI_2021008,,,,,,,,,,,,,,,,,,,,,,,,,
PERI_2021008,,,,,,,,,,,,,,,,,,,,,,,,,
PERI_2021008,,,,,,,,,,,,,,,,,,,,,,,,,
PERI_2021008,,,,,,,,,,,,,,,,,,,,,,,,,
PERI_2021008,,,,,,,,,,,,,,,,,,,,,,,,,
PERI_2021008,,,,,,,,,,,,,,,,,,,,,,,,,
PERI_2021009,,,,,,,,,,,,,,,,,,,,,,,,,
PERI_2021004,,,,,,,,,,,,,,,,,,,,,,,,,
PERI_2021005,,,,,,,,,,,,,,,,,,,,,,,,,
PERI_2021010,,,,,,,,,,,,,,,,,,,,,,,,,
PERI_2021011,,,,,,,,,,,,,,,,,,,,,,,,,
PERI_2021012,,,,,,,,,,,,,,,,,,,,,,,,,
PERI_2021013,,,,,,,,,,,,,,,,,,,,,,,,,
PERI_2021013,,,,,,,,,,,,,,,,,,,,,,,,,
PERI_2021013,,,,,,,,,,,,,,,,,,,,,,,,,
PERI_2021013,,,,,,,,,,,,,,,,,,,,,,,,,
PERI_2021013,,,,,,,,,,,,,,,,,,,,,,,,,
PERI_2021013,,,,,,,,,,,,,,,,,,,,,,,,,
PERI_2021013,,,,,,,,,,,,,,,,,,,,,,,,,
PERI_2021013,,,,,,,,,,,,,,,,,,,,,,,,,
PERI_2021013,,,,,,,,,,,,,,,,,,,,,,,,,
PERI_2021013,,,,,,,,,,,,,,,,,,,,,,,,,
PERI_2021013,,,,,,,,,,,,,,,,,,,,,,,,,
PERI_2021013,,,,,,,,,,,,,,,,,,,,,,,,,
PERI_2021013,,,,,,,,,,,,,,,,,,,,,,,,,
PERI_2021013,,,,,,,,,,,,,,,,,,,,,,,,,
PERI_2021013,,,,,,,,,,,,,,,,,,,,,,,,,
PERI_2021013,,,,,,,,,,,,,,,,,,,,,,,,,
PERI_2021014,,,,,,,,,,,,,,,,,,,,,,,,,
PERI_2021014,,,,,,,,,,,,,,,,,,,,,,,,,
PERI_2021014,,,,,,,,,,,,,,,,,,,,,,,,,
PERI_2021014,,,,,,,,,,,,,,,,,,,,,,,,,
PERI_2021014,,,,,,,,,,,,,,,,,,,,,,,,,
PERI_2021014,,,,,,,,,,,,,,,,,,,,,,,,,
PERI_2021014,,,,,,,,,,,,,,,,,,,,,,,,,
PERI_2021014,,,,,,,,,,,,,,,,,,,,,,,,,
PERI_2021014,,,,,,,,,,,,,,,,,,,,,,,,,
PERI_2021014,,,,,,,,,,,,,,,,,,,,,,,,,
PERI_2021014,,,,,,,,,,,,,,,,,,,,,,,,,
PERI_2021014,,,,,,,,,,,,,,,,,,,,,,,,,
PERI_2021014,,,,,,,,,,,,,,,,,,,,,,,,,
PERI_2021014,,,,,,,,,,,,,,,,,,,,,,,,,
PERI_2021014,,,,,,,,,,,,,,,,,,,,,,,,,
PERI_2021014,,,,,,,,,,,,,,,,,,,,,,,,,
PERI_2021015,,,,,,,,,,,,,,,,,,,,,,,,,
PERI_2021016,,,,,,,,,,,,,,,,,,,,,,,,,
PERI_2021017,,,,,,,,,,,,,,,,,,,,,,,,,
PERI_2021018,,,,,,,,,,,,,,,,,,,,,,,,,
PERI_2021018,,,,,,,,,,,,,,,,,,,,,,,,,
PERI_2021018,,,,,,,,,,,,,,,,,,,,,,,,,
PERI_2021018,,,,,,,,,,,,,,,,,,,,,,,,,
PERI_2021018,,,,,,,,,,,,,,,,,,,,,,,,,
PERI_2021018,,,,,,,,,,,,,,,,,,,,,,,,,
PERI_2021018,,,,,,,,,,,,,,,,,,,,,,,,,
PERI_2021018,,,,,,,,,,,,,,,,,,,,,,,,,
PERI_2021018,,,,,,,,,,,,,,,,,,,,,,,,,
PERI_2021018,,,,,,,,,,,,,,,,,,,,,,,,,
PERI_2021018,,,,,,,,,,,,,,,,,,,,,,,,,
PERI_2021018,,,,,,,,,,,,,,,,,,,,,,,,,
PERI_2021018,,,,,,,,,,,,,,,,,,,,,,,,,
PERI_2021018,,,,,,,,,,,,,,,,,,,,,,,,,
PERI_2021018,,,,,,,,,,,,,,,,,,,,,,,,,
PERI_2021018,,,,,,,,,,,,,,,,,,,,,,,,,
PERI_2021019,,,,,,,,,,,,,,,,,,,,,,,,,
PERI_2021020,,,,,,,,,,,,,,,,,,,,,,,,,
PERI_2021021,,,,,,,,,,,,,,,,,,,,,,,,,
PERI_2021022,,,,,,,,,,,,,,,,,,,,,,,,,
PERI_2021022,,,,,,,,,,,,,,,,,,,,,,,,,
PERI_2021023,,,,,,,,,,,,,,,,,,,,,,,,,
PERI_2021024,,,,,,,,,,,,,,,,,,,,,,,,,
PERI_2021025,,,,,,,,,,,,,,,,,,,,,,,,,
PERI_2021026,,,,,,,,,,,,,,,,,,,,,,,,,
PERI_2021027,,,,,,,,,,,,,,,,,,,,,,,,,
PERI_2021027,,,,,,,,,,,,,,,,,,,,,,,,,
PERI_2021027,,,,,,,,,,,,,,,,,,,,,,,,,
PERI_2021027,,,,,,,,,,,,,,,,,,,,,,,,,
PERI_2021027,,,,,,,,,,,,,,,,,,,,,,,,,
PERI_2021027,,,,,,,,,,,,,,,,,,,,,,,,,
PERI_2021027,,,,,,,,,,,,,,,,,,,,,,,,,
PERI_2021027,,,,,,,,,,,,,,,,,,,,,,,,,
PERI_2021027,,,,,,,,,,,,,,,,,,,,,,,,,
PERI_2021027,,,,,,,,,,,,,,,,,,,,,,,,,
PERI_2021027,,,,,,,,,,,,,,,,,,,,,,,,,
PERI_2021027,,,,,,,,,,,,,,,,,,,,,,,,,
PERI_2021027,,,,,,,,,,,,,,,,,,,,,,,,,
PERI_2021027,,,,,,,,,,,,,,,,,,,,,,,,,
PERI_2021027,,,,,,,,,,,,,,,,,,,,,,,,,
PERI_2021027,,,,,,,,,,,,,,,,,,,,,,,,,
PERI_2021029,,,,,,,,,,,,,,,,,,,,,,,,,
PERI_2021029,,,,,,,,,,,,,,,,,,,,,,,,,
PERI_2021029,,,,,,,,,,,,,,,,,,,,,,,,,
PERI_2021029,,,,,,,,,,,,,,,,,,,,,,,,,
PERI_2021028,,,,,,,,,,,,,,,,,,,,,,,,,
PERI_2021028,,,,,,,,,,,,,,,,,,,,,,,,,
PERI_2021028,,,,,,,,,,,,,,,,,,,,,,,,,
PERI_2021028,,,,,,,,,,,,,,,,,,,,,,,,,
PERI_2021030,,,,,,,,,,,,,,,,,,,,,,,,,
PERI_2021031,,,,,,,,,,,,,,,,,,,,,,,,,
PERI_2021032,,,,,,,,,,,,,,,,,,,,,,,,,
PERI_2021033,,,,,,,,,,,,,,,,,,,,,,,,,
PERI_2021034,,,,,,,,,,,,,,,,,,,,,,,,,
PERI_2021034,,,,,,,,,,,,,,,,,,,,,,,,,
PERI_2021034,,,,,,,,,,,,,,,,,,,,,,,,,
PERI_2021034,,,,,,,,,,,,,,,,,,,,,,,,,
PERI_2021034,,,,,,,,,,,,,,,,,,,,,,,,,
PERI_2021034,,,,,,,,,,,,,,,,,,,,,,,,,
PERI_2021034,,,,,,,,,,,,,,,,,,,,,,,,,
PERI_2021034,,,,,,,,,,,,,,,,,,,,,,,,,
PERI_2021034,,,,,,,,,,,,,,,,,,,,,,,,,
PERI_2021034,,,,,,,,,,,,,,,,,,,,,,,,,
PERI_2021034,,,,,,,,,,,,,,,,,,,,,,,,,
PERI_2021034,,,,,,,,,,,,,,,,,,,,,,,,,
PERI_2021034,,,,,,,,,,,,,,,,,,,,,,,,,
PERI_2021034,,,,,,,,,,,,,,,,,,,,,,,,,
PERI_2021034,,,,,,,,,,,,,,,,,,,,,,,,,
PERI_2021034,,,,,,,,,,,,,,,,,,,,,,,,,
PERI_2021034,,,,,,,,,,,,,,,,,,,,,,,,,
PERI_2021034,,,,,,,,,,,,,,,,,,,,,,,,,
PERI_2021034,,,,,,,,,,,,,,,,,,,,,,,,,
PERI_2021034,,,,,,,,,,,,,,,,,,,,,,,,,
PERI_2021035,,,,,,,,,,,,,,,,,,,,,,,,,
PERI_2021037,,,,,,,,,,,,,,,,,,,,,,,,,
PERI_2021038,,,,,,,,,,,,,,,,,,,,,,,,,
PERI_2021040,,,,,,,,,,,,,,,,,,,,,,,,,
PERI_2021040,,,,,,,,,,,,,,,,,,,,,,,,,
PERI_2021040,,,,,,,,,,,,,,,,,,,,,,,,,
PERI_2021040,,,,,,,,,,,,,,,,,,,,,,,,,
PERI_2021040,,,,,,,,,,,,,,,,,,,,,,,,,
PERI_2021040,,,,,,,,,,,,,,,,,,,,,,,,,
PERI_2021040,,,,,,,,,,,,,,,,,,,,,,,,,
PERI_2021040,,,,,,,,,,,,,,,,,,,,,,,,,
PERI_2021040,,,,,,,,,,,,,,,,,,,,,,,,,
PERI_2021040,,,,,,,,,,,,,,,,,,,,,,,,,
PERI_2021040,,,,,,,,,,,,,,,,,,,,,,,,,
PERI_2021040,,,,,,,,,,,,,,,,,,,,,,,,,
PERI_2021040,,,,,,,,,,,,,,,,,,,,,,,,,
PERI_2021040,,,,,,,,,,,,,,,,,,,,,,,,,
PERI_2021040,,,,,,,,,,,,,,,,,,,,,,,,,
PERI_2021040,,,,,,,,,,,,,,,,,,,,,,,,,
PERI_2021040,,,,,,,,,,,,,,,,,,,,,,,,,
PERI_2021040,,,,,,,,,,,,,,,,,,,,,,,,,
PERI_2021040,,,,,,,,,,,,,,,,,,,,,,,,,
PERI_2021040,,,,,,,,,,,,,,,,,,,,,,,,,
PERI_2021039,,,,,,,,,,,,,,,,,,,,,,,,,
PERI_2021036,,,,,,,,,,,,,,,,,,,,,,,,,
PERI_2021043,,,,,,,,,,,,,,,,,,,,,,,,,
PERI_2021044,,,,,,,,,,,,,,,,,,,,,,,,,
PERI_2021045,,,,,,,,,,,,,,,,,,,,,,,,,
PERI_2021041,,,,,,,,,,,,,,,,,,,,,,,,,
PERI_2021041,,,,,,,,,,,,,,,,,,,,,,,,,
PERI_2021041,,,,,,,,,,,,,,,,,,,,,,,,,
PERI_2021041,,,,,,,,,,,,,,,,,,,,,,,,,
PERI_2021041,,,,,,,,,,,,,,,,,,,,,,,,,
PERI_2021041,,,,,,,,,,,,,,,,,,,,,,,,,
PERI_2021041,,,,,,,,,,,,,,,,,,,,,,,,,
PERI_2021041,,,,,,,,,,,,,,,,,,,,,,,,,
PERI_2021041,,,,,,,,,,,,,,,,,,,,,,,,,
PERI_2021041,,,,,,,,,,,,,,,,,,,,,,,,,
PERI_2021041,,,,,,,,,,,,,,,,,,,,,,,,,
PERI_2021041,,,,,,,,,,,,,,,,,,,,,,,,,
PERI_2021041,,,,,,,,,,,,,,,,,,,,,,,,,
PERI_2021041,,,,,,,,,,,,,,,,,,,,,,,,,
PERI_2021041,,,,,,,,,,,,,,,,,,,,,,,,,
PERI_2021041,,,,,,,,,,,,,,,,,,,,,,,,,
PERI_2021041,,,,,,,,,,,,,,,,,,,,,,,,,
PERI_2021041,,,,,,,,,,,,,,,,,,,,,,,,,
PERI_2021041,,,,,,,,,,,,,,,,,,,,,,,,,
PERI_2021041,,,,,,,,,,,,,,,,,,,,,,,,,
PERI_2021042,,,,,,,,,,,,,,,,,,,,,,,,,
,,,,,,,,,,,,,,,,,,,,,,,,,
,,,,,,,,,,,,,,,,,,,,,,,,,
Summary of the assays requested on the samples included in this report,"Method 
Detection
Limit","Reporting 
Decimals",Assay,Units,Laboratory method,,,,,,,,,,,,,,,,,,,,
TNO3_N,2,ug/L,Nitrate + Nitrite _total_ via hydrazine reduction,2,,,,,,,,,,,,,,,,,,,,,
TNO3_N_py,2,ug/L,Nitrate + Nitrite _total_ via pyrophosphate,2,,,,,,,,,,,,,,,,,,,,,
NO3_N,2,ug/L,Nitrate + Nitrite _diss._ via hydrazine reduction,2,,,,,,,,,,,,,,,,,,,,,
NO3_N_py,2,ug/L,Nitrate + Nitrite _diss._ via pyrophosphate,2,,,,,,,,,,,,,,,,,,,,,
TNH4_N,2,ug/L,Ammonium _total_ using indophenol,3,,,,,,,,,,,,,,,,,,,,,
NH4_N,2,ug/L,Ammonium _dissolved_ using indophenol,3,,,,,,,,,,,,,,,,,,,,,
TRP,2,ug/L,Total Orthophosphorus _Reactive Phosphate_,1,,,,,,,,,,,,,,,,,,,,,
SRP,2,ug/L,Soluble Orthophosphorus _Reactive Phosphate_,1,,,,,,,,,,,,,,,,,,,,,
TP,2,ug/L,Total Phosphorus using Persulfate digestion,2,,,,,,,,,,,,,,,,,,,,,
DP,2,ug/L,Dissolved Phosphorus using Persulfate digestion,2,,,,,,,,,,,,,,,,,,,,,
,,,,,,,,,,,,,,,,,,,,,,,,,
,,,,,,,,,,,,,,,,,,,,,,,,,
,,,,,,,,,,,,,,,,,,,,,,,,,
The following legend describes the status codes associated with each assay result reported above,,,,,,,,,,,,,,,,,,,,,,,,,
Status code,Description,,,,,,,,,,,,,,,,,,,,,,,,
A,NoLabRequest,,,,,,,,,,,,,,,,,,,,,,,,
B,Assay request canceled,,,,,,,,,,,,,,,,,,,,,,,,
C,Assay request on hold,,,,,,,,,,,,,,,,,,,,,,,,
D,Bottle/Filter lost,,,,,,,,,,,,,,,,,,,,,,,,
E,Sample material contaminated,,,,,,,,,,,,,,,,,,,,,,,,
F,Insufficient sample for analysis,,,,,,,,,,,,,,,,,,,,,,,,
G,Assay complete,,,,,,,,,,,,,,,,,,,,,,,,
H,Assay completed below method MDL,,,,,,,,,,,,,,,,,,,,,,,,
I,Assay not selected for run,,,,,,,,,,,,,,,,,,,,,,,,
J,Assay in scheduled run,,,,,,,,,,,,,,,,,,,,,,,,
K,Assay rerun not selected in run,,,,,,,,,,,,,,,,,,,,,,,,
L,Assay passed QA,,,,,,,,,,,,,,,,,,,,,,,,
M,Assay waiting for QA,,,,,,,,,,,,,,,,,,,,,,,,
X,Assay not finalized,,,,,,,,,,,,,,,,,,,,,,,,
,,,,,,,,,,,,,,,,,,,,,,,,,
,,,,,,,,,,,,,,,,,,,,,,,,,
Printed on 3/28/2022 at  2:00:20PM,Page 1,,,,,,,,,,,,,,,,,,,,,,,,
